name,is_legendary,generation,type1,type2,capture_rate,hp,attack,defense,speed,sp_attack,sp_defense,height_m,weight_kg,base_egg_steps,experience_growth,base_happiness,value
Bulbasaur,0,one,grass,poison,45,45,49,49,45,65,65,0.7,6.9,5120,1059860,70,3040
Ivysaur,0,one,grass,poison,45,60,62,63,60,80,80,1,13,5120,1059860,70,3398
Venusaur,0,one,grass,poison,45,80,100,123,80,122,120,2,100,5120,1059860,70,4316
Charmander,0,one,fire,fire,45,39,52,43,65,60,50,0.6,8.5,5120,1059860,70,2993
Charmeleon,0,one,fire,fire,45,58,64,58,80,80,65,1.1,19,5120,1059860,70,3397
Charizard,0,one,fire,flying,45,78,104,78,100,159,115,1.7,90.5,5120,1059860,70,4451
Squirtle,0,one,water,water,45,44,48,65,43,50,64,0.5,9,5120,1059860,70,2980
Wartortle,0,one,water,water,45,59,63,80,58,65,80,1,22.5,5120,1059860,70,3357
Blastoise,0,one,water,water,45,79,103,120,78,135,115,1.6,85.5,5120,1059860,70,4387
Caterpie,0,one,bug,bug,255,45,30,35,45,20,20,0.3,2.9,3840,1000000,70,195.00000000000023
Metapod,0,one,bug,bug,120,50,20,55,30,25,25,0.7,9.9,3840,1000000,70,1705.0000000000002
Butterfree,0,one,bug,flying,45,60,45,50,70,90,80,1.1,32,3840,1000000,70,3320
Weedle,0,one,bug,poison,255,40,35,30,50,20,20,0.3,3.2,3840,1000000,70,200.00000000000023
Kakuna,0,one,bug,poison,120,45,25,50,35,25,25,0.6,10,3840,1000000,70,1710.0000000000002
Beedrill,0,one,bug,poison,45,65,150,40,145,15,80,1,29.5,3840,1000000,70,3750
Pidgey,0,one,normal,flying,255,40,45,40,56,35,35,0.3,1.8,3840,1059860,70,432.0000000000002
Pidgeotto,0,one,normal,flying,120,63,60,55,71,50,50,1.1,30,3840,1059860,70,2332
Pidgeot,0,one,normal,flying,45,83,80,80,121,135,80,1.5,39.5,3840,1059860,70,4142
Spearow,0,one,normal,flying,255,40,60,30,70,31,31,0.3,2,3840,1000000,70,503.0000000000002
Fearow,0,one,normal,flying,90,65,90,65,100,61,61,1.2,38,3840,1000000,70,3058
Ekans,0,one,poison,poison,255,35,60,44,55,40,54,2,6.9,5120,1000000,70,590.0000000000002
Arbok,0,one,poison,poison,90,60,95,69,80,65,79,3.5,65,5120,1000000,70,3100
Pikachu,0,one,electric,electric,190,35,55,40,90,50,50,0.4,6,2560,1000000,141,1380
Nidoran♀,0,one,poison,poison,235,55,47,52,41,40,40,0.4,7,5120,1059860,70,787.0000000000002
Nidorina,0,one,poison,poison,120,70,62,67,56,55,55,0.8,20,5120,1059860,70,2427
Nidoqueen,0,one,poison,ground,45,90,92,87,76,75,85,1.3,60,5120,1059860,70,3842
Nidoran♂,0,one,poison,poison,235,46,57,40,50,40,40,0.5,9,5120,1059860,70,794.0000000000002
Nidorino,0,one,poison,poison,120,61,72,57,65,55,55,0.9,19.5,5120,1059860,70,2440
Nidoking,0,one,poison,ground,45,81,102,77,85,85,75,1.4,62,5120,1059860,70,3895
Clefairy,0,one,fairy,fairy,150,70,45,48,35,60,65,0.6,7.5,2560,800000,140,1929.0000000000002
Clefable,0,one,fairy,fairy,25,95,70,73,60,95,90,1.3,40,2560,800000,140,3989
Jigglypuff,0,one,normal,fairy,170,115,45,20,20,45,25,0.5,5.5,2560,800000,70,1650
Wigglytuff,0,one,normal,fairy,50,140,70,45,45,85,50,1,12,2560,800000,70,3685
Zubat,0,one,poison,flying,255,40,45,35,55,30,40,0.8,7.5,3840,1000000,70,395.0000000000002
Golbat,0,one,poison,flying,90,75,80,70,90,65,75,1.6,55,3840,1000000,70,3085
Oddish,0,one,grass,poison,255,45,50,55,30,75,65,0.5,5.4,5120,1059860,70,785.0000000000002
Gloom,0,one,grass,poison,120,60,65,70,40,85,75,0.8,8.6,5120,1059860,70,2595
Vileplume,0,one,grass,poison,45,75,80,85,50,110,90,1.2,18.6,5120,1059860,70,3845
Paras,0,one,bug,grass,190,35,70,55,25,45,55,0.3,5.4,5120,1000000,70,1380
Parasect,0,one,bug,grass,75,60,95,80,30,60,80,1,29.5,5120,1000000,70,3170
Venonat,0,one,bug,poison,190,60,55,50,45,40,55,1,30,5120,1000000,70,1395
Venomoth,0,one,bug,poison,75,70,65,60,90,90,75,1.5,12.5,5120,1000000,70,3240
Psyduck,0,one,water,water,190,50,52,48,55,65,50,0.8,19.6,5120,1000000,70,1478
Golduck,0,one,water,water,75,80,82,78,85,95,80,1.7,76.6,5120,1000000,70,3493
Mankey,0,one,fighting,fighting,190,40,80,35,70,35,45,0.5,28,5120,1000000,70,1425
Primeape,0,one,fighting,fighting,75,65,105,60,95,60,70,1,32,5120,1000000,70,3315
Growlithe,0,one,fire,fire,190,55,70,45,60,70,50,0.7,19,5120,1250000,70,1660
Arcanine,0,one,fire,fire,75,90,110,80,95,100,80,1.9,155,5120,1250000,70,3795
Poliwag,0,one,water,water,255,40,50,40,90,40,40,0.6,12.4,5120,1059860,70,575.0000000000002
Poliwhirl,0,one,water,water,120,65,65,65,90,50,50,1,20,5120,1059860,70,2445
Poliwrath,0,one,water,fighting,45,90,95,95,70,70,90,1.3,54,5120,1059860,70,3855
Abra,0,one,psychic,psychic,200,25,20,15,90,105,55,0.9,19.5,5120,1059860,70,1240
Kadabra,0,one,psychic,psychic,100,40,35,30,105,120,70,1.3,56.5,5120,1059860,70,2715
Alakazam,0,one,psychic,psychic,50,55,50,65,150,175,105,1.5,48,5120,1059860,70,4040
Machop,0,one,fighting,fighting,180,70,80,50,35,35,35,0.8,19.5,5120,1059860,70,1640
Machoke,0,one,fighting,fighting,90,80,100,70,45,50,60,1.5,70.5,5120,1059860,70,3040
Machamp,0,one,fighting,fighting,45,90,130,80,55,65,85,1.6,130,5120,1059860,70,3985
Bellsprout,0,one,grass,poison,255,50,75,35,40,70,30,0.7,4,5120,1059860,70,845.0000000000002
Weepinbell,0,one,grass,poison,120,65,90,50,55,85,45,1,6.4,5120,1059860,70,2705
Victreebel,0,one,grass,poison,45,80,105,65,70,100,70,1.7,15.5,5120,1059860,70,3925
Tentacool,0,one,water,poison,190,40,40,35,70,50,100,0.9,45.5,5120,1250000,70,1345
Tentacruel,0,one,water,poison,60,80,70,65,100,80,120,1.6,55,5120,1250000,70,3555
Ponyta,0,one,fire,fire,190,50,85,55,90,65,65,1,30,5120,1000000,70,1830.0000000000002
Rapidash,0,one,fire,fire,60,65,100,70,105,80,80,1.7,95,5120,1000000,70,3635
Slowpoke,0,one,water,psychic,190,90,65,65,15,40,40,1.2,36,5120,1000000,70,1570
Slowbro,0,one,water,psychic,75,95,75,180,30,130,80,1.6,78.5,5120,1000000,70,3925
Magnemite,0,one,electric,steel,190,25,35,70,45,95,55,0.3,6,5120,1000000,70,1470
Magneton,0,one,electric,steel,60,50,60,95,70,120,70,1,60,5120,1000000,70,3505
Farfetch'd,0,one,normal,flying,45,52,90,55,60,58,62,0.8,15,5120,1000000,70,3362
Doduo,0,one,normal,flying,190,35,85,45,75,35,35,1.4,39.2,5120,1000000,70,1455
Dodrio,0,one,normal,flying,45,60,110,70,110,60,60,1.8,85.2,5120,1000000,70,3695
Seel,0,one,water,water,190,65,45,55,45,45,70,1.1,90,5120,1000000,70,1425
Dewgong,0,one,water,ice,75,90,70,80,70,70,95,1.7,120,5120,1000000,70,3315
Shellder,0,one,water,water,190,30,65,100,40,45,25,0.3,4,5120,1250000,70,1425
Cloyster,0,one,water,ice,60,50,95,180,70,85,45,1.5,132.5,5120,1250000,70,3745
Gastly,0,one,ghost,poison,190,30,35,30,80,100,35,1.3,0.1,5120,1059860,70,1435
Haunter,0,one,ghost,poison,90,45,50,45,95,115,55,1.6,0.1,5120,1059860,70,2920
Gengar,0,one,ghost,poison,45,60,65,80,130,170,95,1.5,40.5,5120,1059860,70,4180
Onix,0,one,rock,ground,45,35,45,160,70,30,45,8.8,210,6400,1000000,70,3095
Drowzee,0,one,psychic,psychic,190,60,48,45,42,43,90,1,32.4,5120,1000000,70,1413
Hypno,0,one,psychic,psychic,75,85,73,70,67,73,115,1.6,75.6,5120,1000000,70,3333
Krabby,0,one,water,water,225,30,105,90,50,25,25,0.4,6.5,5120,1000000,70,1190
Kingler,0,one,water,water,60,55,130,115,75,50,50,1.3,60,5120,1000000,70,3630
Voltorb,0,one,electric,electric,190,40,30,50,100,55,55,0.5,10.4,5120,1000000,70,1320
Electrode,0,one,electric,electric,60,60,50,70,150,80,80,1.2,66.6,5120,1000000,70,3350
Exeggcute,0,one,grass,psychic,90,60,40,80,40,60,45,0.4,2.5,5120,1250000,70,2570
Cubone,0,one,ground,ground,190,50,50,95,35,40,50,0.4,6.5,5120,1000000,70,1415
Hitmonlee,0,one,fighting,fighting,45,50,120,53,87,35,110,1.5,49.8,6400,1000000,70,3568
Hitmonchan,0,one,fighting,fighting,45,50,105,79,76,35,110,1.4,50.2,6400,1000000,70,3519
Lickitung,0,one,normal,normal,45,90,55,75,30,60,75,1.2,65.5,5120,1000000,70,3345
Koffing,0,one,poison,poison,190,40,65,95,35,60,45,0.6,1,5120,1000000,70,1580
Weezing,0,one,poison,poison,60,65,90,120,60,85,70,1.2,9.5,5120,1000000,70,3635
Rhyhorn,0,one,ground,rock,120,80,85,95,25,30,30,1,115,5120,1250000,70,2460
Rhydon,0,one,ground,rock,60,105,130,120,40,45,45,1.9,120,5120,1250000,70,3785
Chansey,0,one,normal,normal,30,250,5,5,50,35,105,1.1,34.6,10240,800000,140,3700
Tangela,0,one,grass,grass,45,65,55,115,60,100,40,1,35,5120,1000000,70,3570
Kangaskhan,0,one,normal,normal,45,105,125,100,100,60,100,2.2,80,5120,1000000,70,4175
Horsea,0,one,water,water,225,30,40,70,60,70,25,0.4,8,5120,1000000,70,965.0000000000002
Seadra,0,one,water,water,75,55,65,95,85,95,45,1.2,25,5120,1000000,70,3230
Goldeen,0,one,water,water,225,45,67,60,63,35,50,0.6,15,5120,1000000,70,1045.0000000000002
Seaking,0,one,water,water,60,80,92,65,68,65,80,1.3,39,5120,1000000,70,3475
Staryu,0,one,water,water,225,30,45,55,85,70,55,0.8,34.5,5120,1250000,70,1065.0000000000002
Starmie,0,one,water,psychic,60,60,75,85,115,100,85,1.1,80,5120,1250000,70,3630
Mr. Mime,0,one,psychic,fairy,45,40,45,65,90,100,120,1.3,54.5,6400,1000000,70,3445
Scyther,0,one,bug,flying,45,70,110,80,105,55,80,1.5,56,6400,1000000,70,3775
Jynx,0,one,ice,psychic,45,65,50,35,95,115,95,1.4,40.6,6400,1000000,70,3565
Electabuzz,0,one,electric,electric,45,65,83,57,105,95,85,1.1,30,6400,1000000,70,3742
Magmar,0,one,fire,fire,45,65,95,57,93,100,85,1.3,44.5,6400,1000000,70,3832
Pinsir,0,one,bug,bug,45,65,155,120,105,65,90,1.5,55,6400,1250000,70,4265
Tauros,0,one,normal,normal,45,75,100,95,110,40,70,1.4,88.4,5120,1250000,70,3675
Magikarp,0,one,water,water,255,20,10,55,80,15,20,0.9,10,1280,1250000,70,30
Gyarados,0,one,water,flying,45,95,155,109,81,70,130,6.5,235,1280,1250000,70,4444
Lapras,0,one,water,ice,45,130,85,80,60,85,95,2.5,220,10240,1250000,70,4020
Ditto,0,one,normal,normal,35,48,48,48,48,48,48,0.3,4,5120,1000000,70,3025
Eevee,0,one,normal,normal,45,55,55,50,55,45,65,0.3,6.5,8960,1000000,70,3035
Vaporeon,0,one,water,water,45,130,65,60,65,110,95,1,29,8960,1000000,70,3980
Jolteon,0,one,electric,electric,45,65,65,60,130,110,95,0.8,24.5,8960,1000000,70,3785
Flareon,0,one,fire,fire,45,65,130,60,65,95,110,0.9,25,8960,1000000,70,4050
Porygon,0,one,normal,normal,45,65,60,70,40,85,75,0.8,36.5,5120,1000000,70,3410
Omanyte,0,one,rock,water,45,35,40,100,35,90,55,0.4,7.5,7680,1000000,70,3190
Omastar,0,one,rock,water,45,70,60,125,55,115,70,1,35,7680,1000000,70,3800
Kabuto,0,one,rock,water,45,30,80,90,55,55,45,0.5,11.5,7680,1000000,70,3225
Kabutops,0,one,rock,water,45,60,115,105,80,65,70,1.3,40.5,7680,1000000,70,3825
Aerodactyl,0,one,rock,flying,45,80,135,85,150,70,95,1.8,59,8960,1250000,70,4225
Snorlax,0,one,normal,normal,25,160,110,65,30,65,110,2.1,460,10240,1250000,70,4370
Articuno,1,one,ice,flying,3,90,85,100,85,95,125,1.7,55.4,20480,1250000,35,4981.2677069440615
Zapdos,1,one,electric,flying,3,90,90,85,100,125,90,1.6,52.6,20480,1250000,35,5111.2677069440615
Moltres,1,one,fire,flying,3,90,100,90,90,125,85,2,60,20480,1250000,35,5166.2677069440615
Dratini,0,one,dragon,dragon,45,41,64,45,50,50,50,1.8,3.3,10240,1250000,35,3003
Dragonair,0,one,dragon,dragon,45,61,84,65,70,70,70,4,16.5,10240,1250000,35,3503
Dragonite,0,one,dragon,flying,45,91,134,95,80,100,100,2.2,210,10240,1250000,35,4353
Mewtwo,1,one,psychic,psychic,3,106,150,70,140,194,120,2,122,30720,1250000,0,6120.2677069440615
Mew,1,one,psychic,psychic,45,100,100,100,100,100,100,0.4,4,30720,1059860,100,4684.2677069440615
Chikorita,0,two,grass,grass,45,45,49,65,45,49,65,0.9,6.4,5120,1059860,70,2992
Bayleef,0,two,grass,grass,45,60,62,80,60,63,80,1.2,15.8,5120,1059860,70,3347
Meganium,0,two,grass,grass,45,80,82,100,80,83,100,1.8,100.5,5120,1059860,70,3847
Cyndaquil,0,two,fire,fire,45,39,52,43,65,60,50,0.5,7.9,5120,1059860,70,2993
Quilava,0,two,fire,fire,45,58,64,58,80,80,65,0.9,19,5120,1059860,70,3397
Typhlosion,0,two,fire,fire,45,78,84,78,100,109,85,1.7,79.5,5120,1059860,70,3951
Totodile,0,two,water,water,45,50,65,64,43,44,48,0.6,9.5,5120,1059860,70,3058
Croconaw,0,two,water,water,45,65,80,80,58,59,63,1.1,25,5120,1059860,70,3436
Feraligatr,0,two,water,water,45,85,105,100,78,79,83,2.3,88.8,5120,1059860,70,3971
Sentret,0,two,normal,normal,255,35,46,34,20,35,45,0.8,6,3840,1000000,70,344.0000000000002
Furret,0,two,normal,normal,90,85,76,64,90,45,55,1.8,32.5,3840,1000000,70,2929
Hoothoot,0,two,normal,flying,255,60,30,30,50,36,56,0.7,21.2,3840,1000000,70,433.0000000000002
Noctowl,0,two,normal,flying,90,100,50,50,70,86,96,1.6,40.8,3840,1000000,70,3068
Ledyba,0,two,bug,flying,255,40,20,30,55,40,80,1,10.8,3840,800000,70,345.0000000000002
Ledian,0,two,bug,flying,90,55,35,50,85,55,110,1.4,35.6,3840,800000,70,2610
Spinarak,0,two,bug,poison,255,40,60,40,30,40,40,0.5,8.5,3840,800000,70,525.0000000000002
Ariados,0,two,bug,poison,90,70,90,70,40,60,70,1.1,33.5,3840,800000,70,2990
Crobat,0,two,poison,flying,90,85,90,80,130,70,80,1.8,75,3840,1000000,70,3355
Chinchou,0,two,water,electric,190,75,38,38,67,56,56,0.5,12,5120,1250000,70,1457
Lanturn,0,two,water,electric,75,125,58,58,67,76,76,1.2,22.5,5120,1250000,70,3332
Pichu,0,two,electric,electric,190,20,40,15,60,35,35,0.3,2,2560,1000000,70,945.0000000000002
Cleffa,0,two,fairy,fairy,150,50,25,28,15,45,55,0.3,3,2560,800000,140,1479
Igglybuff,0,two,normal,fairy,170,90,30,15,15,40,20,0.3,1,2560,800000,70,1355
Togepi,0,two,fairy,fairy,190,35,20,65,20,40,65,0.3,1.5,2560,800000,70,1040.0000000000002
Togetic,0,two,fairy,flying,75,55,40,85,40,80,105,0.6,3.2,2560,800000,70,2965
Natu,0,two,psychic,flying,190,40,50,45,70,70,45,0.2,2,5120,1000000,70,1455
Xatu,0,two,psychic,flying,75,65,75,70,95,95,70,1.5,15,5120,1000000,70,3345
Mareep,0,two,electric,electric,235,55,40,40,35,65,45,0.6,7.8,5120,1059860,70,850.0000000000002
Flaaffy,0,two,electric,electric,120,70,55,55,45,80,60,0.8,13.3,5120,1059860,70,2480
Ampharos,0,two,electric,electric,45,90,95,105,45,165,110,1.4,61.5,5120,1059860,70,4445
Bellossom,0,two,grass,grass,45,75,80,95,50,90,100,0.4,5.8,5120,1059860,70,3775
Marill,0,two,water,fairy,190,70,20,50,40,20,50,0.4,8.5,2560,800000,70,1060.0000000000002
Azumarill,0,two,water,fairy,75,100,50,80,50,60,80,0.8,28.5,2560,800000,70,3095
Sudowoodo,0,two,rock,rock,65,70,100,115,30,30,65,1.2,38,5120,1000000,70,3260
Politoed,0,two,water,water,45,90,75,75,70,90,100,1.1,33.9,5120,1059860,70,3795
Hoppip,0,two,grass,flying,255,35,35,40,50,35,55,0.4,0.5,5120,1059860,70,365.0000000000002
Skiploom,0,two,grass,flying,120,55,45,50,80,45,65,0.6,1,5120,1059860,70,2190
Jumpluff,0,two,grass,flying,45,75,55,70,110,55,95,0.8,3,5120,1059860,70,3425
Aipom,0,two,normal,normal,45,55,70,55,85,40,55,0.8,11.5,5120,800000,70,3165
Sunkern,0,two,grass,grass,235,30,30,30,30,30,30,0.3,1.8,5120,1059860,70,375.0000000000002
Sunflora,0,two,grass,grass,120,75,75,55,30,105,85,0.8,8.5,5120,1059860,70,2815
Yanma,0,two,bug,flying,75,65,65,45,95,75,45,1.2,38,5120,1000000,70,3030
Wooper,0,two,water,ground,255,55,45,45,15,25,25,0.4,8.5,5120,1000000,70,360.0000000000002
Quagsire,0,two,water,ground,90,95,85,85,35,65,65,1.4,75,5120,1000000,70,3135
Espeon,0,two,psychic,psychic,45,65,65,60,110,130,95,0.9,26.5,8960,1000000,70,3865
Umbreon,0,two,dark,dark,45,95,65,110,65,60,130,1,27,8960,1000000,35,3725
Murkrow,0,two,dark,flying,30,60,85,42,91,85,42,0.5,2.1,5120,1059860,35,3677
Slowking,0,two,water,psychic,70,95,75,80,30,100,110,2,79.5,5120,1000000,70,3560
Misdreavus,0,two,ghost,ghost,45,60,60,60,85,85,85,0.7,1,6400,800000,35,3465
Unown,0,two,psychic,psychic,225,48,72,48,48,72,48,0.5,5,10240,1000000,70,1247
Wobbuffet,0,two,psychic,psychic,45,190,33,58,33,33,58,1.3,28.5,5120,1000000,70,3450
Girafarig,0,two,normal,psychic,60,70,80,65,85,90,65,1.5,41.5,5120,1000000,70,3495
Pineco,0,two,bug,bug,190,50,65,90,15,35,35,0.6,7.2,5120,1000000,70,1405
Forretress,0,two,bug,steel,75,75,90,140,40,60,60,1.2,125.8,5120,1000000,70,3370
Dunsparce,0,two,normal,normal,190,100,70,70,45,65,65,1.5,14,5120,1000000,70,1930.0000000000002
Gligar,0,two,ground,flying,60,65,75,105,85,35,65,1.1,64.8,5120,1059860,70,3225
Steelix,0,two,steel,ground,25,75,125,230,30,55,95,9.2,400,6400,1000000,70,4455
Snubbull,0,two,fairy,fairy,190,60,80,50,30,40,40,0.6,7.8,5120,800000,70,1510
Granbull,0,two,fairy,fairy,75,90,120,75,45,60,60,1.4,48.7,5120,800000,70,3470
Qwilfish,0,two,water,poison,45,65,95,85,85,55,55,0.5,3.9,5120,1000000,70,3570
Scizor,0,two,bug,steel,25,70,150,140,75,65,100,1.8,118,6400,1000000,70,4495
Shuckle,0,two,bug,rock,190,20,10,230,5,10,230,0.6,20.5,5120,1059860,70,1510
Heracross,0,two,bug,fighting,45,80,185,115,75,40,105,1.5,54,6400,1250000,70,4355
Sneasel,0,two,dark,ice,60,55,95,55,115,35,75,0.9,28,5120,1059860,35,3245
Teddiursa,0,two,normal,normal,120,60,80,50,40,50,50,0.6,8.8,5120,1000000,70,2380
Ursaring,0,two,normal,normal,60,90,130,75,55,75,75,1.8,125.8,5120,1000000,70,3845
Slugma,0,two,fire,fire,190,40,40,40,20,70,40,0.7,35,5120,1000000,70,1260
Magcargo,0,two,fire,rock,75,60,50,120,30,90,80,0.8,55,5120,1000000,70,3155
Swinub,0,two,ice,ground,225,50,50,40,50,30,30,0.4,6.5,5120,1250000,70,795.0000000000002
Piloswine,0,two,ice,ground,75,100,100,80,50,60,60,1.1,55.8,5120,1250000,70,3405
Corsola,0,two,water,rock,60,65,55,95,35,65,95,0.6,5,5120,800000,70,3195
Remoraid,0,two,water,water,190,35,65,35,65,65,35,0.6,12,5120,1000000,70,1445
Octillery,0,two,water,water,75,75,105,75,45,105,75,0.9,28.5,5120,1000000,70,3590
Delibird,0,two,ice,flying,45,45,55,45,75,65,45,0.9,16,5120,800000,70,3090
Mantine,0,two,water,flying,25,85,40,70,70,80,140,2.1,220,6400,1250000,70,3750
Skarmory,0,two,steel,flying,25,65,80,140,70,40,70,1.7,50.5,6400,1250000,70,3760
Houndour,0,two,dark,fire,120,45,60,30,65,80,50,0.6,10.8,5120,1250000,35,2335
Houndoom,0,two,dark,fire,45,75,90,90,115,140,90,1.4,35,5120,1250000,35,4240
Kingdra,0,two,water,dragon,45,75,95,95,85,95,95,1.8,152,5120,1000000,70,3970
Phanpy,0,two,ground,ground,120,90,60,60,40,40,40,0.5,33.5,5120,1000000,70,2340
Donphan,0,two,ground,ground,60,90,120,120,50,60,60,1.1,120,5120,1000000,70,3780
Porygon2,0,two,normal,normal,45,85,80,90,60,105,95,0.6,32.5,5120,1000000,70,3910
Stantler,0,two,normal,normal,45,73,95,62,85,85,65,1.4,71.2,5120,1250000,70,3741
Smeargle,0,two,normal,normal,45,55,20,35,75,20,45,1.2,58,5120,800000,70,2595
Tyrogue,0,two,fighting,fighting,75,35,35,35,35,35,35,0.7,21,6400,1000000,70,2260
Hitmontop,0,two,fighting,fighting,45,50,95,95,70,35,110,1.4,48,6400,1000000,70,3485
Smoochum,0,two,ice,psychic,45,45,30,15,65,85,65,0.4,6,6400,1000000,70,2965
Elekid,0,two,electric,electric,45,45,63,37,95,65,55,0.6,23.5,6400,1000000,70,3182
Magby,0,two,fire,fire,45,45,75,37,83,70,55,0.7,21.4,6400,1000000,70,3272
Miltank,0,two,normal,normal,45,95,80,105,100,40,70,1.2,75.5,5120,1250000,70,3645
Blissey,0,two,normal,normal,30,255,10,10,55,75,135,1.5,46.8,10240,800000,140,4085
Raikou,1,two,electric,electric,3,90,85,75,115,115,100,1.9,178,20480,1250000,35,5036.2677069440615
Entei,1,two,fire,fire,3,115,115,85,100,90,75,2.1,198,20480,1250000,35,5171.2677069440615
Suicune,1,two,water,water,3,100,75,115,85,90,115,2,187,20480,1250000,35,4956.2677069440615
Larvitar,0,two,rock,ground,45,50,64,50,41,45,50,0.6,72,10240,1250000,35,3015
Pupitar,0,two,rock,ground,45,70,84,70,51,65,70,1.2,152,10240,1250000,35,3495
Tyranitar,0,two,rock,dark,45,100,164,150,71,95,120,2,202,10240,1250000,35,4765
Lugia,1,two,psychic,flying,3,106,90,130,110,90,154,5.2,216,30720,1250000,0,5264.2677069440615
Ho-Oh,1,two,fire,flying,3,106,130,90,90,110,154,3.8,199,30720,1250000,0,5504.2677069440615
Celebi,1,two,psychic,grass,45,100,100,100,100,100,100,0.6,5,30720,1059860,100,4684.2677069440615
Treecko,0,three,grass,grass,45,40,45,35,70,65,55,0.5,5,5120,1059860,70,2975
Grovyle,0,three,grass,grass,45,50,65,45,95,85,65,0.9,21.6,5120,1059860,70,3385
Sceptile,0,three,grass,grass,45,70,110,75,145,145,85,1.7,52.2,5120,1059860,70,4390
Torchic,0,three,fire,fire,45,45,60,40,45,70,50,0.4,2.5,5120,1059860,70,3090
Combusken,0,three,fire,fighting,45,60,85,60,55,85,60,0.9,19.5,5120,1059860,70,3530
Blaziken,0,three,fire,fighting,45,80,160,80,100,130,80,1.9,52,5120,1059860,70,4615
Mudkip,0,three,water,water,45,50,70,50,40,50,50,0.4,7.6,5120,1059860,70,3085
Marshtomp,0,three,water,ground,45,70,85,70,50,60,70,0.7,28,5120,1059860,70,3470
Swampert,0,three,water,ground,45,100,150,110,70,95,110,1.5,81.9,5120,1059860,70,4525
Poochyena,0,three,dark,dark,255,35,55,35,35,30,30,0.5,13.6,3840,1000000,70,380.0000000000002
Mightyena,0,three,dark,dark,127,70,90,70,70,60,60,1,37,3840,1000000,70,2623
Zigzagoon,0,three,normal,normal,255,38,30,41,60,30,41,0.4,17.5,3840,1000000,70,310.0000000000002
Linoone,0,three,normal,normal,90,78,70,61,100,50,61,0.5,32.5,3840,1000000,70,2905
Wurmple,0,three,bug,bug,255,45,45,35,20,20,30,0.3,3.6,3840,1000000,70,270.0000000000002
Silcoon,0,three,bug,bug,120,50,35,55,15,25,25,0.6,10,3840,1000000,70,1780.0000000000002
Beautifly,0,three,bug,flying,45,60,70,50,65,100,50,1,28.4,3840,1000000,70,3485
Cascoon,0,three,bug,bug,120,50,35,55,15,25,25,0.7,11.5,3840,1000000,70,1780.0000000000002
Dustox,0,three,bug,poison,45,60,50,70,65,50,90,1.2,31.6,3840,1000000,70,3185
Lotad,0,three,water,grass,255,40,30,30,30,40,50,0.5,2.6,3840,1059860,70,305.0000000000002
Lombre,0,three,water,grass,120,60,50,50,50,60,70,1.2,32.5,3840,1059860,70,2290
Ludicolo,0,three,water,grass,45,80,70,70,70,90,100,1.5,55,3840,1059860,70,3695
Seedot,0,three,grass,grass,255,40,40,50,30,30,30,0.5,4,3840,1059860,70,335.0000000000002
Nuzleaf,0,three,grass,dark,120,70,70,40,60,60,40,1,28,3840,1059860,70,2410
Shiftry,0,three,grass,dark,45,90,100,60,80,90,60,1.3,59.6,3840,1059860,70,3865
Taillow,0,three,normal,flying,200,40,55,30,85,30,30,0.3,2.3,3840,1059860,70,1095.0000000000002
Swellow,0,three,normal,flying,45,60,85,60,125,75,50,0.7,19.8,3840,1059860,70,3590
Wingull,0,three,water,flying,190,40,30,30,85,55,30,0.6,9.5,5120,1000000,70,1180.0000000000002
Pelipper,0,three,water,flying,45,60,50,100,65,95,70,1.2,28,5120,1000000,70,3505
Ralts,0,three,psychic,fairy,235,28,25,25,40,45,35,0.4,6.6,5120,1250000,35,435.0000000000002
Kirlia,0,three,psychic,fairy,120,38,35,35,50,65,55,0.8,20.2,5120,1250000,35,2030.0000000000002
Gardevoir,0,three,psychic,fairy,45,68,85,65,100,165,135,1.6,48.4,5120,1250000,35,4305
Surskit,0,three,bug,water,200,40,30,32,65,50,52,0.5,1.7,3840,1000000,70,1050.0000000000002
Masquerain,0,three,bug,flying,75,70,60,62,80,100,82,0.8,3.6,3840,1000000,70,3265
Shroomish,0,three,grass,grass,255,60,40,60,35,40,60,0.4,4.5,3840,1640000,70,595.0000000000002
Breloom,0,three,grass,fighting,90,60,130,80,70,60,60,1.2,39.2,3840,1640000,70,3290
Slakoth,0,three,normal,normal,255,60,60,60,30,35,35,0.8,24,3840,1250000,70,645.0000000000002
Vigoroth,0,three,normal,normal,120,80,80,80,90,55,55,1.4,46.5,3840,1250000,70,2710
Slaking,0,three,normal,normal,45,150,160,100,100,95,65,2,130.5,3840,1250000,70,4785
Nincada,0,three,bug,ground,255,31,45,90,40,30,30,0.5,5.5,3840,600000,70,465.0000000000002
Ninjask,0,three,bug,flying,120,61,90,45,160,50,50,0.8,12,3840,600000,70,2680
Shedinja,0,three,bug,ghost,45,1,90,45,40,30,30,0.8,1.2,3840,600000,70,2805
Whismur,0,three,normal,normal,190,64,51,23,28,51,23,0.6,16.3,5120,1059860,70,1274
Loudred,0,three,normal,normal,120,84,71,43,48,71,43,1,40.5,5120,1059860,70,2544
Exploud,0,three,normal,normal,45,104,91,63,68,91,73,1.5,84,5120,1059860,70,3889
Makuhita,0,three,fighting,fighting,180,72,60,30,25,20,30,1,86.4,5120,1640000,70,1330
Hariyama,0,three,fighting,fighting,200,144,120,60,50,40,60,2.3,253.8,5120,1640000,70,2210
Azurill,0,three,normal,fairy,150,50,20,40,20,20,40,0.2,2,2560,800000,70,1310
Nosepass,0,three,rock,rock,255,30,45,135,30,45,90,1,97,5120,1000000,70,785.0000000000002
Skitty,0,three,normal,normal,255,50,45,45,50,35,35,0.6,11,3840,800000,70,485.0000000000002
Delcatty,0,three,normal,normal,60,70,65,65,90,55,55,1.1,32.6,3840,800000,70,3170
Sableye,0,three,dark,ghost,45,50,85,125,20,85,115,0.5,11,6400,1059860,35,3715
Mawile,0,three,steel,fairy,45,50,105,125,50,55,95,0.6,11.5,5120,800000,70,3695
Aron,0,three,steel,rock,180,50,70,100,30,40,40,0.4,60,8960,1250000,35,1650
Lairon,0,three,steel,rock,90,60,90,140,40,50,50,0.9,120,8960,1250000,35,3050
Aggron,0,three,steel,rock,45,70,140,230,50,60,80,2.1,360,8960,1250000,35,4355
Meditite,0,three,fighting,psychic,180,30,40,55,60,40,55,0.6,11.2,5120,1000000,70,1295
Medicham,0,three,fighting,psychic,90,60,100,85,100,80,85,1.3,31.5,5120,1000000,70,3325
Electrike,0,three,electric,electric,120,40,45,40,65,65,40,0.6,15.2,5120,1250000,70,2125
Manectric,0,three,electric,electric,45,70,75,80,135,135,80,1.5,40.2,5120,1250000,70,4070
Plusle,0,three,electric,electric,200,60,50,40,95,85,75,0.4,4.2,5120,1000000,70,1630
Minun,0,three,electric,electric,200,60,40,50,95,75,85,0.4,4.2,5120,1000000,70,1550
Volbeat,0,three,bug,bug,150,65,73,75,85,47,85,0.7,17.7,3840,600000,70,2243
Illumise,0,three,bug,bug,150,65,47,75,85,73,85,0.6,17.7,3840,1640000,70,2217
Roselia,0,three,grass,poison,150,50,60,45,65,100,80,0.3,2,5120,1059860,70,2255
Gulpin,0,three,poison,poison,225,70,43,53,40,43,53,0.4,10.3,5120,1640000,70,989.0000000000002
Swalot,0,three,poison,poison,75,100,73,83,55,73,83,1.7,80,5120,1640000,70,3359
Carvanha,0,three,water,dark,225,45,90,20,65,65,20,0.8,20.8,5120,1250000,35,1210
Sharpedo,0,three,water,dark,60,70,140,70,105,110,65,1.8,88.8,5120,1250000,35,4090
Wailmer,0,three,water,water,125,130,70,35,60,70,35,2,130,10240,1640000,70,2690
Wailord,0,three,water,water,60,170,90,45,60,90,45,14.5,398,10240,1640000,70,3915
Numel,0,three,fire,ground,255,60,60,40,35,65,45,0.7,24,5120,1000000,70,795.0000000000002
Camerupt,0,three,fire,ground,150,70,120,100,20,145,105,1.9,220,5120,1000000,70,3170
Torkoal,0,three,fire,fire,90,70,85,140,20,85,70,0.5,80.4,5120,1000000,70,3275
Spoink,0,three,psychic,psychic,255,60,25,35,60,70,80,0.7,30.6,5120,800000,70,685.0000000000002
Grumpig,0,three,psychic,psychic,60,80,45,65,80,90,110,0.9,71.5,5120,800000,70,3380
Spinda,0,three,normal,normal,255,60,60,60,60,60,60,1.1,5,3840,800000,70,905.0000000000002
Trapinch,0,three,ground,ground,255,45,100,45,10,45,45,0.7,15,5120,1059860,70,845.0000000000002
Vibrava,0,three,ground,dragon,120,50,70,50,70,50,50,1.1,15.3,5120,1059860,70,2320
Flygon,0,three,ground,dragon,45,80,100,80,100,80,80,2,82,5120,1059860,70,3895
Cacnea,0,three,grass,grass,190,50,85,40,35,85,40,0.4,51.3,5120,1059860,35,1745.0000000000002
Cacturne,0,three,grass,dark,60,70,115,60,55,115,60,1.3,77.4,5120,1059860,35,3805
Swablu,0,three,normal,flying,255,45,40,60,50,40,75,0.4,1.2,5120,600000,70,580.0000000000002
Altaria,0,three,dragon,flying,45,75,110,110,80,110,105,1.1,20.6,5120,600000,70,4220
Zangoose,0,three,normal,normal,90,73,115,60,90,60,60,1.3,40.3,5120,600000,70,3230
Seviper,0,three,poison,poison,90,73,100,60,65,100,60,2.7,52.5,5120,1640000,70,3315
Lunatone,0,three,rock,psychic,45,90,55,65,70,95,85,1,168,6400,800000,70,3625
Solrock,0,three,rock,psychic,45,90,95,85,70,55,65,1.2,154,6400,800000,70,3685
Barboach,0,three,water,ground,190,50,48,43,60,46,41,0.4,1.9,5120,1000000,70,1313
Whiscash,0,three,water,ground,75,110,78,73,60,76,71,0.9,23.6,5120,1000000,70,3418
Corphish,0,three,water,water,205,43,80,65,35,50,35,0.6,11.5,3840,1640000,70,1365
Crawdaunt,0,three,water,dark,155,63,120,85,55,90,55,1.1,32.8,3840,1640000,70,2675
Baltoy,0,three,ground,psychic,255,40,40,55,55,40,70,0.5,21.5,5120,1000000,70,540.0000000000002
Claydol,0,three,ground,psychic,90,60,70,105,75,70,120,1.5,108,5120,1000000,70,3135
Lileep,0,three,rock,grass,45,66,41,77,23,61,87,1,23.8,7680,600000,70,3149
Cradily,0,three,rock,grass,45,86,81,97,43,81,107,1.5,60.4,7680,600000,70,3789
Anorith,0,three,rock,bug,45,45,95,50,75,40,50,0.7,12.5,7680,600000,70,3245
Armaldo,0,three,rock,bug,45,75,125,100,45,70,80,1.5,68.2,7680,600000,70,3935
Feebas,0,three,water,water,255,20,15,20,80,10,55,0.6,7.4,5120,600000,70,0
Milotic,0,three,water,water,60,95,60,79,81,100,125,6.2,162,5120,600000,70,3694
Castform,0,three,normal,normal,45,70,70,70,70,70,70,0.3,0.8,6400,1000000,70,3465
Kecleon,0,three,normal,normal,200,60,90,70,40,60,120,1,22,5120,1059860,70,1830.0000000000002
Shuppet,0,three,ghost,ghost,225,44,75,35,45,63,33,0.6,2.3,6400,800000,35,1119.0000000000002
Banette,0,three,ghost,ghost,45,64,165,75,75,93,83,1.1,12.5,6400,800000,35,4289
Duskull,0,three,ghost,ghost,190,20,40,90,25,30,90,0.8,15,6400,800000,35,1180.0000000000002
Dusclops,0,three,ghost,ghost,90,40,70,130,25,60,130,1.6,30.6,6400,800000,35,2970
Tropius,0,three,grass,flying,200,99,68,83,51,72,87,2,100,6400,1250000,70,1938.0000000000002
Chimecho,0,three,psychic,psychic,45,75,50,80,65,95,90,0.6,1,6400,800000,70,3560
Absol,0,three,dark,dark,30,65,150,60,115,115,60,1.2,47,6400,1059860,35,4475
Wynaut,0,three,psychic,psychic,125,95,23,48,23,23,48,0.6,14,5120,1000000,70,1895.0000000000002
Snorunt,0,three,ice,ice,190,50,50,50,50,50,50,0.7,16.8,5120,1000000,70,1370
Glalie,0,three,ice,ice,75,80,120,80,100,120,80,1.5,256.5,5120,1000000,70,3945
Spheal,0,three,ice,water,255,70,40,50,25,55,50,0.8,39.5,5120,1059860,70,665.0000000000002
Sealeo,0,three,ice,water,120,90,60,70,45,75,70,1.1,87.6,5120,1059860,70,2650
Walrein,0,three,ice,water,45,110,80,90,65,95,90,1.4,150.6,5120,1059860,70,3975
Clamperl,0,three,water,water,255,35,64,85,32,74,55,0.4,52.5,5120,600000,70,901.0000000000002
Huntail,0,three,water,water,60,55,104,105,52,94,75,1.7,27,5120,600000,70,3686
Gorebyss,0,three,water,water,60,55,84,105,52,114,75,1.8,22.6,5120,600000,70,3666
Relicanth,0,three,water,rock,25,100,90,130,55,45,65,1,23.4,10240,1250000,70,3965
Luvdisc,0,three,water,water,225,43,30,55,97,40,65,0.6,8.7,5120,800000,70,889.0000000000002
Bagon,0,three,dragon,dragon,45,45,75,60,50,40,30,0.6,42.1,10240,1250000,35,3045
Shelgon,0,three,dragon,dragon,45,65,95,100,50,60,50,1.1,110.5,10240,1250000,35,3565
Salamence,0,three,dragon,flying,45,95,145,130,120,120,90,1.5,102.6,10240,1250000,35,4735
Beldum,0,three,steel,psychic,3,40,55,80,30,35,60,0.6,95.2,10240,1250000,35,3392
Metang,0,three,steel,psychic,3,60,75,100,50,55,80,1.2,202.5,10240,1250000,35,3892
Metagross,0,three,steel,psychic,3,80,145,150,110,105,110,1.6,550,10240,1250000,35,5112
Regirock,1,three,rock,rock,3,80,100,200,50,50,100,1.7,230,20480,1250000,35,4946.2677069440615
Regice,1,three,ice,ice,3,80,50,100,50,100,200,1.8,175,20480,1250000,35,4796.2677069440615
Registeel,1,three,steel,steel,3,80,75,150,50,75,150,1.9,205,20480,1250000,35,4871.2677069440615
Latias,1,three,dragon,psychic,3,80,100,120,110,140,150,1.4,40,30720,1250000,90,5466.2677069440615
Latios,1,three,dragon,psychic,3,80,130,100,110,160,120,2,60,30720,1250000,90,5676.2677069440615
Kyogre,1,three,water,water,3,100,150,90,90,180,160,4.5,352,30720,1250000,0,6046.2677069440615
Groudon,1,three,ground,ground,3,100,180,160,90,150,90,3.5,950,30720,1250000,0,6146.2677069440615
Rayquaza,1,three,dragon,flying,45,105,180,100,115,180,100,7,206.5,30720,1250000,0,5779.2677069440615
Jirachi,1,three,steel,psychic,3,100,100,100,100,100,100,0.3,1.1,30720,1250000,100,5146.2677069440615
Deoxys,1,three,psychic,psychic,3,50,95,90,180,95,90,1.7,60.8,30720,1250000,0,4941.2677069440615
Turtwig,0,four,grass,grass,45,55,68,64,31,45,55,0.4,10.2,5120,1059860,70,3100
Grotle,0,four,grass,grass,45,75,89,85,36,55,65,1.1,97,5120,1059860,70,3500
Torterra,0,four,grass,ground,45,95,109,105,56,75,85,2.2,310,5120,1059860,70,4000
Chimchar,0,four,fire,fire,45,44,58,44,61,58,44,0.5,6.2,5120,1059860,70,3031
Monferno,0,four,fire,fighting,45,64,78,52,81,78,52,0.9,22,5120,1059860,70,3471
Infernape,0,four,fire,fighting,45,76,104,71,108,104,71,1.2,55,5120,1059860,70,4018
Piplup,0,four,water,water,45,53,51,53,40,61,56,0.4,5.2,5120,1059860,70,3054
Prinplup,0,four,water,water,45,64,66,68,50,81,76,0.8,23,5120,1059860,70,3439
Empoleon,0,four,water,steel,45,84,86,88,60,111,101,1.7,84.5,5120,1059860,70,3989
Starly,0,four,normal,flying,255,40,55,30,60,30,30,0.3,2,3840,1059860,70,440.0000000000002
Staravia,0,four,normal,flying,120,55,75,50,80,40,40,0.6,15.5,3840,1059860,70,2320
Staraptor,0,four,normal,flying,45,85,120,70,100,50,60,1.2,24.9,3840,1059860,70,3810
Bidoof,0,four,normal,normal,255,59,45,40,31,35,40,0.5,20,3840,1000000,70,487.0000000000002
Bibarel,0,four,normal,water,127,79,85,60,71,55,60,1,31.5,3840,1000000,70,2575
Kricketot,0,four,bug,bug,255,37,25,41,25,25,41,0.3,2.2,3840,1059860,70,170.00000000000023
Kricketune,0,four,bug,bug,45,77,85,51,65,55,51,1,25.5,3840,1059860,70,3410
Shinx,0,four,electric,electric,235,45,65,34,45,40,34,0.5,9.5,5120,1059860,70,805.0000000000002
Luxio,0,four,electric,electric,120,60,85,49,60,60,49,0.9,30.5,5120,1059860,100,2510
Luxray,0,four,electric,electric,45,80,120,79,70,95,79,1.4,42,5120,1059860,70,4060
Budew,0,four,grass,poison,255,40,30,35,55,50,70,0.2,1.2,5120,1059860,70,470.0000000000002
Roserade,0,four,grass,poison,75,60,70,65,90,125,105,0.9,14.5,5120,1059860,70,3510
Cranidos,0,four,rock,rock,45,67,125,40,58,30,30,0.9,31.5,7680,600000,70,3401
Rampardos,0,four,rock,rock,45,97,165,60,58,65,50,1.6,102.5,7680,600000,70,4141
Shieldon,0,four,rock,steel,45,30,42,118,30,42,88,0.5,57,7680,600000,70,3001
Bastiodon,0,four,rock,steel,45,60,52,168,30,47,138,1.3,149.5,7680,600000,70,3501
Burmy,0,four,bug,bug,120,40,29,45,36,29,45,0.2,3.4,3840,1000000,70,1764.0000000000002
Wormadam,0,four,bug,grass,45,60,69,95,36,69,95,0.5,6.5,3840,1000000,70,3459
Mothim,0,four,bug,flying,45,70,94,50,66,94,50,0.9,23.3,3840,1000000,70,3669
Combee,0,four,bug,flying,120,30,30,42,70,30,42,0.3,5.5,3840,1059860,70,1780.0000000000002
Vespiquen,0,four,bug,flying,45,70,80,102,40,80,102,1.2,38.5,3840,1059860,70,3695
Pachirisu,0,four,electric,electric,200,60,45,70,95,45,90,0.4,3.9,2560,1000000,100,1475
Buizel,0,four,water,water,190,55,65,35,85,60,30,0.7,29.5,5120,1000000,70,1545
Floatzel,0,four,water,water,75,85,105,55,115,85,50,1.1,33.5,5120,1000000,70,3550
Cherubi,0,four,grass,grass,190,45,35,45,35,62,53,0.4,3.3,5120,1000000,70,1273
Cherrim,0,four,grass,grass,75,70,60,70,85,87,78,0.5,9.3,5120,1000000,70,3213
Shellos,0,four,water,water,190,76,48,48,34,57,62,0.3,6.3,5120,1000000,70,1514
Gastrodon,0,four,water,ground,75,111,83,68,39,92,82,0.9,29.9,5120,1000000,70,3519
Ambipom,0,four,normal,normal,45,75,100,66,115,60,66,1.2,20.3,5120,800000,100,3710
Drifloon,0,four,ghost,flying,125,90,50,34,70,60,44,0.4,1.2,7680,1640000,70,2325
Drifblim,0,four,ghost,flying,60,150,80,44,80,90,54,1.2,15,7680,1640000,70,3800
Buneary,0,four,normal,normal,190,55,66,44,85,44,56,0.4,5.5,5120,1000000,0,1535
Lopunny,0,four,normal,normal,60,65,136,94,135,54,96,1.2,33.3,5120,1000000,140,3895
Mismagius,0,four,ghost,ghost,45,60,60,60,105,105,105,0.9,4.4,6400,800000,35,3665
Honchkrow,0,four,dark,flying,30,100,125,52,71,105,52,0.9,27.3,5120,1059860,35,4287
Glameow,0,four,normal,normal,190,49,55,42,85,42,37,0.5,3.9,5120,800000,70,1372
Purugly,0,four,normal,normal,75,71,82,64,112,64,59,1,43.8,5120,800000,70,3232
Chingling,0,four,psychic,psychic,120,45,30,50,45,65,50,0.2,0.6,6400,800000,70,2055
Stunky,0,four,poison,dark,225,63,63,47,74,41,41,0.4,19.2,5120,1000000,70,1108.0000000000002
Skuntank,0,four,poison,dark,60,103,93,67,84,71,61,1,38,5120,1000000,70,3633
Bronzor,0,four,steel,psychic,255,57,24,86,23,24,86,0.5,60.5,5120,1000000,70,478.0000000000002
Bronzong,0,four,steel,psychic,90,67,89,116,33,79,116,1.3,187,5120,1000000,70,3298
Bonsly,0,four,rock,rock,255,50,80,95,10,10,45,0.5,15,5120,1000000,70,670.0000000000002
Mime Jr.,0,four,psychic,fairy,145,20,25,45,60,70,90,0.6,13,6400,1000000,70,1745.0000000000002
Happiny,0,four,normal,normal,130,100,5,5,30,15,65,0.6,24.4,10240,800000,140,1610
Chatot,0,four,normal,flying,30,76,65,45,91,92,42,0.5,1.9,5120,1059860,35,3668
Spiritomb,0,four,ghost,dark,100,50,92,108,35,92,108,1,108,7680,1000000,70,3166
Gible,0,four,dragon,ground,45,58,70,45,42,40,45,0.7,20.5,10240,1250000,70,3044
Gabite,0,four,dragon,ground,45,68,90,65,82,50,55,1.4,56,10240,1250000,70,3454
Garchomp,0,four,dragon,ground,45,108,170,115,92,120,95,1.9,95,10240,1250000,70,4884
Munchlax,0,four,normal,normal,50,135,85,40,5,40,85,0.6,105,10240,1250000,70,3470
Riolu,0,four,fighting,fighting,75,40,70,40,60,35,40,0.7,20.2,6400,1059860,70,2605
Lucario,0,four,fighting,steel,45,70,145,88,112,140,70,1.2,54,6400,1059860,70,4548
Hippopotas,0,four,ground,ground,140,68,72,78,32,38,42,0.8,49.5,7680,1250000,70,2124
Hippowdon,0,four,ground,ground,60,108,112,118,47,68,72,2,300,7680,1250000,70,3874
Skorupi,0,four,poison,bug,120,40,50,90,65,30,55,0.8,12,5120,1250000,70,2130
Drapion,0,four,poison,dark,45,70,90,110,95,60,75,1.3,61.5,5120,1250000,70,3725
Croagunk,0,four,poison,fighting,140,48,61,40,50,61,40,0.7,23,2560,1000000,100,2003.0000000000002
Toxicroak,0,four,poison,fighting,75,83,106,65,85,86,65,1.3,44.4,5120,1000000,70,3553
Carnivine,0,four,grass,grass,200,74,100,72,46,90,72,1.4,27,6400,1250000,70,2072
Finneon,0,four,water,water,190,49,49,56,66,49,61,0.4,7,5120,600000,70,1424
Lumineon,0,four,water,water,75,69,69,76,91,69,86,1.2,24,5120,600000,70,3209
Mantyke,0,four,water,flying,25,45,20,50,50,60,120,1,65,6400,1250000,70,3150
Snover,0,four,grass,ice,120,60,62,50,40,62,60,1,50.5,5120,1250000,70,2346
Abomasnow,0,four,grass,ice,60,90,132,105,30,132,105,2.2,135.5,5120,1250000,70,4301
Weavile,0,four,dark,ice,45,70,120,65,125,45,85,1.1,34,5120,1059860,35,3790
Magnezone,0,four,electric,steel,30,70,70,115,60,130,90,1.2,180,5120,1000000,70,4145
Lickilicky,0,four,normal,normal,30,110,85,95,50,80,95,1.7,140,5120,1000000,70,4080
Rhyperior,0,four,ground,rock,30,115,140,130,40,55,55,2.4,282.8,5120,1250000,70,4345
Tangrowth,0,four,grass,grass,30,100,100,125,50,110,50,2,128.6,5120,1000000,70,4315
Electivire,0,four,electric,electric,30,75,123,67,95,95,85,1.8,138.6,6400,1000000,70,4247
Magmortar,0,four,fire,fire,30,75,95,67,83,125,95,1.6,68,6400,1000000,70,4227
Togekiss,0,four,fairy,flying,30,85,50,95,80,120,115,1.5,38,2560,800000,70,4050
Yanmega,0,four,bug,flying,30,86,76,86,95,116,56,1.9,51.5,5120,1000000,70,4098
Leafeon,0,four,grass,grass,45,65,110,130,95,60,65,1,25.5,8960,1000000,35,3880
Glaceon,0,four,ice,ice,45,65,60,110,65,130,95,0.8,25.9,8960,1000000,35,3890
Gliscor,0,four,ground,flying,30,75,95,125,95,45,75,2,42.5,5120,1059860,70,3905
Mamoswine,0,four,ice,ground,50,110,130,80,80,70,60,2.5,291,5120,1250000,70,4060
Porygon-Z,0,four,normal,normal,30,85,80,70,90,135,75,0.9,34,5120,1000000,70,4215
Gallade,0,four,psychic,fighting,45,68,165,95,110,65,115,1.6,52,5120,1250000,35,4335
Probopass,0,four,rock,steel,60,60,55,145,40,75,150,1.4,340,5120,1000000,70,3500
Dusknoir,0,four,ghost,ghost,45,45,100,135,45,65,135,2.2,106.6,6400,800000,35,3795
Froslass,0,four,ice,ghost,75,70,80,70,110,80,70,1.3,26.6,5120,1000000,70,3345
Rotom,0,four,electric,ghost,45,50,65,107,86,105,107,0.3,0.3,5120,1000000,70,3757
Uxie,1,four,psychic,psychic,3,75,75,130,95,75,130,0.3,0.3,20480,1250000,140,4836.2677069440615
Mesprit,1,four,psychic,psychic,3,80,105,105,80,105,105,0.3,0.3,20480,1250000,140,5096.2677069440615
Azelf,1,four,psychic,psychic,3,75,125,70,115,125,70,0.3,0.3,20480,1250000,140,5226.2677069440615
Dialga,1,four,steel,dragon,3,100,120,120,90,150,100,5.4,683,30720,1250000,0,5626.2677069440615
Palkia,1,four,water,dragon,3,90,120,100,100,150,120,4.2,336,30720,1250000,0,5576.2677069440615
Heatran,1,four,fire,steel,3,91,90,106,77,130,106,1.7,430,2560,1250000,100,5195.2677069440615
Regigigas,1,four,normal,normal,3,110,160,110,100,80,110,3.7,420,30720,1250000,0,5546.2677069440615
Giratina,1,four,ghost,dragon,3,150,120,100,90,120,100,4.5,750,30720,1250000,0,5636.2677069440615
Cresselia,1,four,psychic,psychic,3,120,70,120,85,75,130,1.5,85.6,30720,1250000,100,4976.2677069440615
Phione,0,four,water,water,30,80,80,80,80,80,80,0.4,3.1,10240,1250000,70,3880
Manaphy,1,four,water,water,3,100,100,100,100,100,100,0.3,1.4,2560,1250000,70,5146.2677069440615
Darkrai,1,four,dark,dark,3,70,90,90,125,135,90,1.5,50.5,30720,1250000,0,5136.2677069440615
Shaymin,1,four,grass,grass,45,100,103,75,127,120,75,0.2,2.1,30720,1059860,100,4754.2677069440615
Arceus,1,four,normal,normal,3,120,120,120,120,120,120,3.2,320,30720,1250000,0,5646.2677069440615
Victini,1,five,psychic,fire,3,100,100,100,100,100,100,0.4,4,30720,1250000,100,5146.2677069440615
Snivy,0,five,grass,grass,45,45,45,55,63,45,55,0.6,8.1,5120,1059860,70,2926
Servine,0,five,grass,grass,45,60,60,75,83,60,75,0.8,16,5120,1059860,70,3336
Serperior,0,five,grass,grass,45,75,75,95,113,75,95,3.3,63,5120,1059860,70,3766
Tepig,0,five,fire,fire,45,65,63,45,45,45,45,0.5,9.9,5120,1059860,70,3066
Pignite,0,five,fire,fighting,45,90,93,55,55,70,55,1,55.5,5120,1059860,70,3621
Emboar,0,five,fire,fighting,45,110,123,65,65,100,65,1.6,150,5120,1059860,70,4181
Oshawott,0,five,water,water,45,55,55,45,45,63,45,0.5,5.9,5120,1059860,70,3068
Dewott,0,five,water,water,45,75,75,60,60,83,60,0.8,24.5,5120,1059860,70,3533
Samurott,0,five,water,water,45,95,100,85,70,108,70,1.5,94.6,5120,1059860,70,4073
Patrat,0,five,normal,normal,255,45,55,39,42,35,39,0.5,11.6,3840,1000000,70,504.0000000000002
Watchog,0,five,normal,normal,255,60,85,69,77,60,69,1.1,27,5120,1000000,70,1159.0000000000002
Lillipup,0,five,normal,normal,255,45,60,45,55,25,45,0.4,4.1,3840,1059860,70,535.0000000000002
Herdier,0,five,normal,normal,120,65,80,65,60,35,65,0.9,14.7,3840,1059860,70,2430
Stoutland,0,five,normal,normal,45,85,110,90,80,45,90,1.2,61,3840,1059860,70,3790
Purrloin,0,five,dark,dark,255,41,50,37,66,50,37,0.4,10.1,5120,1000000,70,577.0000000000002
Liepard,0,five,dark,dark,90,64,88,50,106,88,50,1.1,37.5,5120,1000000,70,3146
Pansage,0,five,grass,grass,190,50,53,48,64,53,48,0.6,10.5,5120,1000000,70,1427
Simisage,0,five,grass,grass,75,75,98,63,101,98,63,1.1,30.5,5120,1000000,70,3551
Pansear,0,five,fire,fire,190,50,53,48,64,53,48,0.6,11,5120,1000000,70,1427
Simisear,0,five,fire,fire,75,75,98,63,101,98,63,1,28,5120,1000000,70,3551
Panpour,0,five,water,water,190,50,53,48,64,53,48,0.6,13.5,5120,1000000,70,1427
Simipour,0,five,water,water,75,75,98,63,101,98,63,1,29,5120,1000000,70,3551
Munna,0,five,psychic,psychic,190,76,25,45,24,67,55,0.6,23.3,2560,800000,70,1370
Musharna,0,five,psychic,psychic,75,116,55,85,29,107,95,1.1,60.5,2560,800000,70,3495
Pidove,0,five,normal,flying,255,50,55,50,43,36,30,0.3,2.1,3840,1059860,70,552.0000000000002
Tranquill,0,five,normal,flying,120,62,77,62,65,50,42,0.6,15,3840,1059860,70,2439
Unfezant,0,five,normal,flying,45,80,115,80,93,65,55,1.2,29,3840,1059860,70,3846
Blitzle,0,five,electric,electric,190,45,60,32,76,50,32,0.8,29.8,5120,1000000,70,1377
Zebstrika,0,five,electric,electric,75,75,100,63,116,80,63,1.6,79.5,5120,1000000,70,3487
Roggenrola,0,five,rock,rock,255,55,75,85,15,25,25,0.4,18,3840,1059860,70,690.0000000000002
Boldore,0,five,rock,rock,120,70,105,105,20,50,40,0.9,102,3840,1059860,70,2710
Gigalith,0,five,rock,rock,45,85,135,130,25,60,80,1.7,260,3840,1059860,70,4045
Woobat,0,five,psychic,flying,190,65,45,43,72,55,43,0.4,2.1,3840,1000000,70,1449
Swoobat,0,five,psychic,flying,45,67,57,55,114,77,55,0.9,10.5,3840,1000000,70,3414
Drilbur,0,five,ground,ground,120,60,85,40,68,30,45,0.3,8.5,5120,1000000,70,2311
Excadrill,0,five,ground,steel,60,110,135,60,88,50,65,0.7,40.4,5120,1000000,70,3831
Audino,0,five,normal,normal,255,103,60,126,50,80,126,1.1,31,5120,800000,70,1550
Timburr,0,five,fighting,fighting,180,75,80,55,35,25,35,0.6,12.5,5120,1059860,70,1620
Gurdurr,0,five,fighting,fighting,90,85,105,85,40,40,50,1.2,40,5120,1059860,70,3055
Conkeldurr,0,five,fighting,fighting,45,105,140,95,45,55,65,1.4,87,5120,1059860,70,4055
Tympole,0,five,water,water,255,50,50,40,64,50,40,0.5,4.5,5120,1059860,70,633.0000000000002
Palpitoad,0,five,water,ground,120,75,65,55,69,65,55,0.8,17,5120,1059860,70,2523
Seismitoad,0,five,water,ground,45,105,95,75,74,85,75,1.5,62,5120,1059860,70,3938
Throh,0,five,fighting,fighting,45,120,100,85,45,30,85,1.3,55.5,5120,1000000,70,3710
Sawk,0,five,fighting,fighting,45,75,125,75,85,30,75,1.4,51,5120,1000000,70,3690
Sewaddle,0,five,bug,grass,255,45,53,70,42,40,60,0.3,2.5,3840,1059860,70,655.0000000000002
Swadloon,0,five,bug,grass,120,55,63,90,42,50,80,0.5,7.3,3840,1059860,70,2420
Leavanny,0,five,bug,grass,45,75,103,80,92,70,80,1.2,20.5,3840,1059860,70,3815
Venipede,0,five,bug,poison,255,30,45,59,57,30,39,0.4,5.3,3840,1059860,70,419.0000000000002
Whirlipede,0,five,bug,poison,120,40,55,99,47,40,79,1.2,58.5,3840,1059860,70,2264
Scolipede,0,five,bug,poison,45,60,100,89,112,55,69,2.5,200.5,5120,1059860,70,3674
Cottonee,0,five,grass,fairy,190,40,27,60,66,37,50,0.3,0.6,5120,1000000,70,1143.0000000000002
Whimsicott,0,five,grass,fairy,75,60,67,85,116,77,75,0.7,6.6,5120,1000000,70,3253
Petilil,0,five,grass,grass,190,45,35,50,30,70,50,0.5,6.6,5120,1000000,70,1320
Lilligant,0,five,grass,grass,75,70,60,75,90,110,75,1.1,16.3,5120,1000000,70,3370
Basculin,0,five,water,water,25,70,92,65,98,80,55,1,18,10240,1000000,70,3910
Sandile,0,five,ground,dark,180,50,72,35,65,35,35,0.7,15.2,5120,1059860,70,1499
Krokorok,0,five,ground,dark,90,60,82,45,74,45,45,1,33.4,5120,1059860,70,2737
Krookodile,0,five,ground,dark,45,95,117,80,92,65,70,1.5,96.3,5120,1059860,70,3963
Darumaka,0,five,fire,fire,120,70,90,45,50,15,45,0.6,37.5,5120,1059860,70,2285
Darmanitan,0,five,fire,fire,60,105,30,105,55,140,105,1.3,92.9,5120,1059860,70,3760
Maractus,0,five,grass,grass,255,75,86,67,60,106,67,1,28,5120,1000000,70,1473
Dwebble,0,five,bug,rock,190,50,65,85,55,35,35,0.3,14.5,5120,1000000,70,1470
Crustle,0,five,bug,rock,75,70,105,125,45,65,75,1.4,200,5120,1000000,70,3475
Scraggy,0,five,dark,fighting,180,50,75,70,48,35,70,0.6,11.8,3840,1000000,35,1661
Scrafty,0,five,dark,fighting,90,65,90,115,58,45,115,1.1,30,3840,1000000,70,3136
Sigilyph,0,five,psychic,flying,45,72,58,80,97,103,80,1.4,14,5120,1000000,70,3693
Yamask,0,five,ghost,ghost,190,38,30,85,30,55,65,0.5,1.5,6400,1000000,70,1295
Cofagrigus,0,five,ghost,ghost,90,58,50,145,30,95,105,1.7,76.5,6400,1000000,70,3135
Tirtouga,0,five,water,rock,45,54,78,103,22,53,45,0.7,16.5,7680,1000000,70,3292
Carracosta,0,five,water,rock,45,74,108,133,32,83,65,1.2,81,7680,1000000,70,3932
Archen,0,five,rock,flying,45,55,112,45,70,74,45,0.5,9.5,7680,1000000,70,3583
Archeops,0,five,rock,flying,45,75,140,65,110,112,65,1.4,32,7680,1000000,70,4287
Trubbish,0,five,poison,poison,190,50,50,62,65,40,62,0.6,31,5120,1000000,70,1400
Garbodor,0,five,poison,poison,60,80,95,82,75,60,82,1.9,107.3,5120,1000000,70,3535
Zorua,0,five,dark,dark,75,40,65,40,65,80,40,0.7,12.5,6400,1059860,70,2850
Zoroark,0,five,dark,dark,45,60,105,60,105,120,60,1.6,81.1,5120,1059860,70,3980
Minccino,0,five,normal,normal,255,55,50,40,75,40,40,0.4,5.8,3840,800000,70,620.0000000000002
Cinccino,0,five,normal,normal,60,75,95,60,115,65,60,0.5,7.5,3840,800000,70,3510
Gothita,0,five,psychic,psychic,200,45,30,50,45,55,65,0.4,5.8,5120,1059860,70,1145.0000000000002
Gothorita,0,five,psychic,psychic,100,60,45,70,55,75,85,0.7,18,5120,1059860,70,2665
Gothitelle,0,five,psychic,psychic,50,70,55,95,65,95,110,1.5,44,5120,1059860,70,3600
Solosis,0,five,psychic,psychic,200,45,30,40,20,105,50,0.3,1,5120,1059860,70,1335
Duosion,0,five,psychic,psychic,100,65,40,50,30,125,60,0.6,8,5120,1059860,70,2795
Reuniclus,0,five,psychic,psychic,50,110,65,75,30,125,85,1,20.1,5120,1059860,70,3870
Ducklett,0,five,water,flying,190,62,44,50,55,44,50,0.5,5.5,5120,1000000,70,1362
Swanna,0,five,water,flying,45,75,87,63,98,87,63,1.3,24.2,5120,1000000,70,3732
Vanillite,0,five,ice,ice,255,36,50,50,44,65,60,0.4,5.7,5120,1250000,70,683.0000000000002
Vanillish,0,five,ice,ice,120,51,65,65,59,80,75,1.1,41,5120,1250000,70,2543
Vanilluxe,0,five,ice,ice,45,71,95,85,79,110,95,1.3,57.5,5120,1250000,70,3998
Deerling,0,five,normal,grass,190,60,60,50,75,40,50,0.6,19.5,5120,1000000,70,1480
Sawsbuck,0,five,normal,grass,75,80,100,70,95,60,70,1.9,92.5,5120,1000000,70,3385
Emolga,0,five,electric,flying,200,55,75,60,103,75,60,0.4,5,5120,1000000,70,1766.0000000000002
Karrablast,0,five,bug,bug,200,50,75,45,60,40,45,0.5,5.9,3840,1000000,70,1370
Escavalier,0,five,bug,steel,75,70,135,105,20,60,105,1,33,3840,1000000,70,3605
Foongus,0,five,grass,poison,190,69,55,45,15,55,55,0.2,1,5120,1000000,70,1455
Amoonguss,0,five,grass,poison,75,114,85,70,30,85,80,0.6,10.5,5120,1000000,70,3490
Frillish,0,five,water,ghost,190,55,40,50,40,65,85,1.2,33,5120,1000000,70,1465
Jellicent,0,five,water,ghost,60,100,60,70,60,85,105,2.2,135,5120,1000000,70,3520
Alomomola,0,five,water,water,75,165,75,80,65,40,45,1.2,31.6,10240,800000,70,3435
Joltik,0,five,bug,electric,190,50,47,50,65,57,50,0.1,0.6,5120,1000000,70,1421
Galvantula,0,five,bug,electric,75,70,77,60,108,97,60,0.8,14.3,5120,1000000,70,3372
Ferroseed,0,five,grass,steel,255,44,50,91,10,24,86,0.6,18.8,5120,1000000,70,584.0000000000002
Ferrothorn,0,five,grass,steel,90,74,94,131,20,54,116,1,110,5120,1000000,70,3237
Klink,0,five,steel,steel,130,40,55,70,30,45,60,0.3,21,5120,1059860,70,2025.0000000000002
Klang,0,five,steel,steel,60,60,80,95,50,70,85,0.6,51,5120,1059860,70,3385
Klinklang,0,five,steel,steel,30,60,100,115,90,70,85,0.6,81,5120,1059860,70,3995
Tynamo,0,five,electric,electric,190,35,55,40,60,45,40,0.2,0.3,5120,1250000,70,1270
Eelektrik,0,five,electric,electric,60,65,85,70,40,75,70,1.2,22,5120,1250000,70,3350
Eelektross,0,five,electric,electric,30,85,115,80,50,105,80,2.1,80.5,5120,1250000,70,4240
Elgyem,0,five,psychic,psychic,255,55,55,55,30,85,55,0.5,9,5120,1000000,70,910.0000000000002
Beheeyem,0,five,psychic,psychic,90,75,75,75,40,125,95,1,34.5,5120,1000000,70,3365
Litwick,0,five,ghost,fire,190,50,30,55,20,65,55,0.3,3.1,5120,1059860,70,1285
Lampent,0,five,ghost,fire,90,60,40,60,55,95,60,0.6,13,5120,1059860,70,2780
Chandelure,0,five,ghost,fire,45,60,55,90,80,145,90,1,34.3,5120,1059860,70,3880
Axew,0,five,dragon,dragon,75,46,87,60,57,30,40,0.6,18,10240,1250000,35,2778
Fraxure,0,five,dragon,dragon,60,66,117,70,67,40,50,1,36,10240,1250000,35,3383
Haxorus,0,five,dragon,dragon,45,76,147,90,97,60,70,1.8,105.5,10240,1250000,35,4088
Cubchoo,0,five,ice,ice,120,55,70,40,40,60,40,0.5,8.5,5120,1000000,70,2295
Beartic,0,five,ice,ice,60,95,130,80,50,70,80,2.6,260,5120,1000000,70,3855
Cryogonal,0,five,ice,ice,25,80,50,50,105,95,135,1.1,148,6400,1000000,70,3885
Shelmet,0,five,bug,bug,200,50,40,85,25,40,65,0.4,7.7,3840,1000000,70,1215
Accelgor,0,five,bug,bug,75,80,70,40,145,100,60,0.8,25.3,3840,1000000,70,3405
Stunfisk,0,five,ground,electric,75,109,66,84,32,81,99,0.7,11,5120,1000000,70,3392
Mienfoo,0,five,fighting,fighting,180,45,85,50,65,55,50,0.9,20,6400,1059860,70,1760.0000000000002
Mienshao,0,five,fighting,fighting,45,65,125,60,105,95,60,1.4,35.5,6400,1059860,70,3995
Druddigon,0,five,dragon,dragon,45,77,120,90,48,60,90,1.6,139,7680,1000000,70,3846
Golett,0,five,ground,ghost,190,59,74,50,35,35,50,1,92,6400,1000000,70,1463
Golurk,0,five,ground,ghost,90,89,124,80,55,55,80,2.8,330,6400,1000000,70,3373
Pawniard,0,five,dark,steel,120,45,85,70,60,40,40,0.5,10.2,5120,1000000,35,2360
Bisharp,0,five,dark,steel,45,65,125,100,70,60,70,1.6,70,5120,1000000,35,3855
Bouffalant,0,five,normal,normal,45,95,110,95,55,40,95,1.6,94.6,5120,1000000,70,3785
Rufflet,0,five,normal,flying,190,70,83,50,60,37,50,0.5,10.5,5120,1250000,70,1643
Braviary,0,five,normal,flying,60,100,123,75,80,57,75,1.5,41,5120,1250000,70,3788
Vullaby,0,five,dark,flying,190,70,55,75,60,45,65,0.5,9,5120,1250000,35,1600
Mandibuzz,0,five,dark,flying,60,110,65,105,80,55,95,1.2,39.5,5120,1250000,35,3550
Heatmor,0,five,fire,fire,90,85,97,66,65,105,66,1.4,58,5120,1000000,70,3414
Durant,0,five,bug,steel,90,58,109,112,109,48,48,0.3,33,5120,1000000,70,3211
Deino,0,five,dark,dragon,45,52,65,50,38,45,50,0.8,17.3,10240,1250000,35,3026
Zweilous,0,five,dark,dragon,45,72,85,70,58,65,70,1.4,50,10240,1250000,35,3526
Hydreigon,0,five,dark,dragon,45,92,105,90,98,125,90,1.8,160,10240,1250000,35,4306
Larvesta,0,five,bug,fire,45,55,85,55,60,50,55,1.1,28.8,10240,1250000,70,3280
Volcarona,0,five,bug,fire,15,85,60,65,100,135,105,1.6,46,10240,1250000,70,4305
Cobalion,1,five,steel,fighting,3,91,90,129,108,90,72,2.1,250,20480,1250000,35,5018.2677069440615
Terrakion,1,five,rock,fighting,3,91,129,90,108,72,90,1.9,260,20480,1250000,35,5102.2677069440615
Virizion,1,five,grass,fighting,3,91,90,72,108,90,129,2,200,20480,1250000,35,4961.2677069440615
Tornadus,1,five,flying,flying,3,79,100,80,121,110,90,1.5,63,30720,1250000,90,5063.2677069440615
Thundurus,1,five,electric,flying,3,79,105,70,101,145,80,1.5,61,30720,1250000,90,5218.2677069440615
Reshiram,1,five,dragon,fire,3,100,120,100,90,150,120,3.2,330,30720,1250000,0,5606.2677069440615
Zekrom,1,five,dragon,electric,3,100,150,120,90,120,100,2.9,345,30720,1250000,0,5656.2677069440615
Landorus,1,five,ground,flying,3,89,145,90,91,105,80,1.5,68,30720,1250000,90,5348.2677069440615
Kyurem,1,five,dragon,ice,3,125,120,90,95,170,100,3,325,30720,1250000,0,5791.2677069440615
Keldeo,1,five,water,fighting,3,91,72,90,108,129,90,1.4,48.5,20480,1250000,35,5045.2677069440615
Meloetta,1,five,normal,psychic,3,100,128,90,128,77,77,0.6,6.5,30720,1250000,100,5184.2677069440615
Genesect,1,five,bug,steel,3,71,120,95,99,120,95,1.5,82.5,30720,1250000,0,5234.2677069440615
Chespin,0,six,grass,grass,45,56,61,65,38,48,45,0.4,9,5120,1059860,70,3071
Quilladin,0,six,grass,grass,45,61,78,95,57,56,58,0.7,29,5120,1059860,70,3417
Chesnaught,0,six,grass,fighting,45,88,107,122,64,74,75,1.6,90,5120,1059860,70,3992
Fennekin,0,six,fire,fire,45,40,45,40,60,62,60,0.4,9.4,5120,1059860,70,2962
Braixen,0,six,fire,fire,45,59,59,58,73,90,70,1,14.5,5120,1059860,70,3423
Delphox,0,six,fire,psychic,45,75,69,72,104,114,100,1.5,39,5120,1059860,70,3881
Froakie,0,six,water,water,45,41,56,40,71,62,44,0.3,7,5120,1059860,70,3034
Frogadier,0,six,water,water,45,54,63,52,97,83,56,0.6,10.9,5120,1059860,70,3386
Greninja,0,six,water,dark,45,72,145,67,132,153,71,1.5,40,5120,1059860,70,4615
Bunnelby,0,six,normal,normal,255,38,36,38,57,32,36,0.4,5,3840,1000000,70,339.0000000000002
Diggersby,0,six,normal,ground,127,85,56,77,78,50,77,1,42.4,3840,1000000,70,2471
Fletchling,0,six,normal,flying,255,45,50,43,62,40,38,0.3,1.7,3840,1059860,70,549.0000000000002
Fletchinder,0,six,fire,flying,120,62,73,55,84,56,52,0.7,16,3840,1059860,70,2484
Talonflame,0,six,fire,flying,45,78,81,71,126,74,69,1.2,24.5,3840,1059860,70,3719
Scatterbug,0,six,bug,bug,255,38,35,40,35,27,25,0.3,2.5,3840,1000000,70,242.00000000000023
Spewpa,0,six,bug,bug,120,45,22,60,29,27,30,0.3,8.4,3840,1000000,70,1729.0000000000002
Vivillon,0,six,bug,flying,45,80,52,50,89,90,50,1.2,17,3840,1000000,70,3447
Litleo,0,six,fire,normal,220,62,50,58,72,73,54,0.6,13.5,5120,1059860,70,1314
Pyroar,0,six,fire,normal,65,86,68,72,106,109,66,1.5,81.5,5120,1059860,70,3615
Flabébé,0,six,fairy,fairy,225,44,38,39,42,61,79,0.1,0.1,5120,1000000,70,946.0000000000002
Floette,0,six,fairy,fairy,120,74,65,67,92,125,128,0.2,0.9,5120,1000000,70,3106
Florges,0,six,fairy,fairy,45,78,65,68,75,112,154,1.1,10,5120,1000000,70,3894
Skiddo,0,six,grass,grass,200,66,65,48,52,62,57,0.9,31,5120,1000000,70,1529
Gogoat,0,six,grass,grass,45,123,100,62,68,97,81,1.7,91,5120,1000000,70,4096
Pancham,0,six,fighting,fighting,220,67,82,62,43,46,48,0.6,8,6400,1000000,70,1343
Pangoro,0,six,fighting,dark,65,95,124,78,58,69,71,2.1,136,6400,1000000,70,3744
Furfrou,0,six,normal,normal,160,75,80,60,102,65,90,1.2,28,5120,1000000,70,2339
Espurr,0,six,psychic,psychic,190,62,48,54,68,63,60,0.3,3.5,5120,1000000,70,1562
Meowstic,0,six,psychic,psychic,75,74,48,76,104,83,81,0.6,8.5,5120,1000000,70,3187
Honedge,0,six,steel,ghost,180,45,80,100,28,35,37,0.8,2,5120,1000000,70,1655
Doublade,0,six,steel,ghost,90,59,110,150,35,45,49,0.8,4.5,5120,1000000,70,3173
Aegislash,0,six,steel,ghost,45,60,150,50,60,150,50,1.7,53,5120,1000000,70,4335
Spritzee,0,six,fairy,fairy,200,78,52,60,23,63,65,0.2,0.5,5120,1000000,70,1498
Aromatisse,0,six,fairy,fairy,140,101,72,72,29,99,89,0.8,15.5,5120,1000000,70,2725
Swirlix,0,six,fairy,fairy,200,62,48,66,49,59,57,0.4,3.5,5120,1000000,70,1420
Slurpuff,0,six,fairy,fairy,140,82,80,86,72,85,75,0.8,5,5120,1000000,70,2702
Inkay,0,six,dark,psychic,190,53,54,53,45,37,46,0.4,3.5,5120,1000000,70,1326
Malamar,0,six,dark,psychic,80,86,92,88,73,68,75,1.5,47,5120,1000000,70,3372
Binacle,0,six,rock,water,120,42,52,67,50,39,56,0.5,31,5120,1000000,70,2111
Barbaracle,0,six,rock,water,45,72,105,115,68,54,86,1.3,96,5120,1000000,70,3787
Skrelp,0,six,poison,water,225,50,60,60,30,60,60,0.5,7.3,5120,1000000,70,1125.0000000000002
Dragalge,0,six,poison,dragon,55,65,75,90,44,97,123,1.8,81.5,5120,1000000,70,3641
Clauncher,0,six,water,water,225,50,53,62,44,58,63,0.5,8.3,3840,1250000,70,1104.0000000000002
Clawitzer,0,six,water,water,55,71,73,88,59,120,89,1.3,35.3,3840,1250000,70,3751
Helioptile,0,six,electric,normal,190,44,38,33,70,61,43,0.5,6,5120,1000000,70,1297
Heliolisk,0,six,electric,normal,75,62,55,52,109,109,94,1,21,5120,1000000,70,3296
Tyrunt,0,six,rock,dragon,45,58,89,77,48,45,45,0.8,26,7680,1000000,70,3315
Tyrantrum,0,six,rock,dragon,45,82,121,119,71,69,59,2.5,270,7680,1000000,70,4003
Amaura,0,six,rock,ice,45,77,59,50,46,67,63,1.3,25.2,7680,1000000,70,3283
Aurorus,0,six,rock,ice,45,123,77,72,58,99,92,2.7,225,7680,1000000,70,3979
Sylveon,0,six,fairy,fairy,45,95,65,65,60,110,130,1,23.5,8960,1000000,70,3880
Hawlucha,0,six,fighting,flying,100,78,92,75,118,74,63,0.8,21.5,5120,1000000,70,3175
Dedenne,0,six,electric,fairy,180,67,58,57,101,81,67,0.2,2.2,5120,1000000,70,1964.0000000000002
Carbink,0,six,rock,fairy,60,50,50,150,50,50,150,0.3,5.7,6400,1250000,70,3300
Goomy,0,six,dragon,dragon,45,45,50,35,40,55,75,0.3,2.8,10240,1250000,35,2955
Sliggoo,0,six,dragon,dragon,45,68,75,53,60,83,113,0.8,17.5,10240,1250000,35,3583
Goodra,0,six,dragon,dragon,45,90,100,70,80,110,150,2,150.5,10240,1250000,35,4195
Klefki,0,six,steel,fairy,75,57,80,91,75,80,87,0.2,3,5120,800000,70,3307
Phantump,0,six,ghost,grass,120,43,70,48,38,50,60,0.4,7,5120,1000000,70,2235
Trevenant,0,six,ghost,grass,60,85,110,76,56,65,82,1.5,71,5120,1000000,70,3639
Pumpkaboo,0,six,ghost,grass,120,59,66,70,41,44,55,0.8,15,5120,1000000,70,2313
Gourgeist,0,six,ghost,grass,60,85,100,122,54,58,75,1.7,39,5120,1000000,70,3647
Bergmite,0,six,ice,ice,190,55,69,85,28,32,35,1,99.5,5120,1000000,70,1451
Avalugg,0,six,ice,ice,55,95,117,184,28,44,46,2,505,5120,1000000,70,3863
Noibat,0,six,flying,dragon,190,40,30,35,55,45,40,0.5,8,5120,1000000,70,1095.0000000000002
Noivern,0,six,flying,dragon,45,85,70,80,123,97,80,1.5,85,5120,1000000,70,3858
Xerneas,1,six,fairy,fairy,45,126,131,95,99,131,98,3,215,30720,1250000,0,5196.2677069440615
Yveltal,1,six,dark,flying,45,126,131,95,99,131,98,5.8,203,30720,1250000,0,5196.2677069440615
Zygarde,1,six,dragon,ground,3,216,100,121,85,91,95,5,284.6,30720,1250000,0,5695.2677069440615
Diancie,1,six,rock,fairy,3,50,160,110,110,160,110,0.7,8.8,6400,1250000,70,5746.2677069440615
Volcanion,1,six,fire,water,3,80,110,120,70,130,90,1.7,195,30720,1250000,100,5276.2677069440615
Rowlet,0,seven,grass,flying,45,68,55,55,42,50,50,0.3,1.5,3840,1059860,70,3089
Dartrix,0,seven,grass,flying,45,78,75,75,52,70,70,0.7,16,3840,1059860,70,3519
Decidueye,0,seven,grass,ghost,45,78,107,75,70,100,100,1.6,36.6,3840,1059860,70,4019
Litten,0,seven,fire,fire,45,45,65,40,70,60,40,0.4,4.3,3840,1059860,70,3095
Torracat,0,seven,fire,fire,45,65,85,50,90,80,50,0.7,25,3840,1059860,70,3545
Incineroar,0,seven,fire,dark,45,95,115,90,60,80,90,1.8,83,3840,1059860,70,4045
Popplio,0,seven,water,water,45,50,54,54,40,66,56,0.4,7.5,3840,1059860,70,3093
Brionne,0,seven,water,water,45,60,69,69,50,91,81,0.6,17.5,3840,1059860,70,3513
Primarina,0,seven,water,fairy,45,80,74,74,60,126,116,1.8,44,3840,1059860,70,3963
Pikipek,0,seven,normal,flying,255,35,75,30,65,30,30,0.3,1.2,3840,1000000,70,565.0000000000002
Trumbeak,0,seven,normal,flying,120,55,85,50,75,40,50,0.6,14.8,3840,1000000,70,2400
Toucannon,0,seven,normal,flying,45,80,120,75,60,75,75,1.1,26,3840,1000000,70,3900
Yungoos,0,seven,normal,normal,255,48,70,30,45,30,30,0.4,6,3840,1000000,70,555.0000000000002
Gumshoos,0,seven,normal,normal,127,88,110,60,45,55,60,0.7,14.2,3840,1000000,70,2743
Grubbin,0,seven,bug,bug,255,47,62,45,46,55,45,0.4,4.4,3840,1000000,70,721.0000000000002
Charjabug,0,seven,bug,electric,120,57,82,95,36,55,75,0.5,10.5,3840,1000000,70,2586
Vikavolt,0,seven,bug,electric,45,77,70,90,43,145,75,1.5,45,3840,1000000,70,3966
Crabrawler,0,seven,fighting,fighting,225,47,82,57,63,42,47,0.6,7,5120,1000000,70,1187
Crabominable,0,seven,fighting,ice,60,97,132,77,43,62,67,1.7,180,5120,1000000,70,3782
Oricorio,0,seven,fire,flying,45,75,70,70,93,98,70,0.6,3.4,5120,1000000,70,3704
Cutiefly,0,seven,bug,fairy,190,40,45,40,84,55,40,0.1,0.2,5120,1000000,70,1333
Ribombee,0,seven,bug,fairy,75,60,55,60,124,95,70,0.2,0.5,5120,1000000,70,3208
Rockruff,0,seven,rock,rock,190,45,65,40,60,30,40,0.5,9.2,3840,1000000,70,1300
Wishiwashi,0,seven,water,water,60,45,140,130,30,140,135,0.2,0.3,3840,800000,70,4315
Mareanie,0,seven,poison,water,190,50,53,62,45,43,52,0.4,8,5120,1000000,70,1379
Toxapex,0,seven,poison,water,75,50,63,152,35,53,142,0.7,14.5,5120,1000000,70,3204
Mudbray,0,seven,ground,ground,190,70,100,70,45,45,55,1,110,5120,1000000,70,1850.0000000000002
Mudsdale,0,seven,ground,ground,60,100,125,100,35,55,85,2.5,920,5120,1000000,70,3795
Dewpider,0,seven,water,bug,200,38,40,52,27,40,72,0.3,4,3840,1000000,70,1074.0000000000002
Araquanid,0,seven,water,bug,100,68,70,92,42,50,132,1.8,82,3840,1000000,70,2864
Fomantis,0,seven,grass,grass,190,40,55,35,35,50,35,0.3,1.5,5120,1000000,70,1250
Lurantis,0,seven,grass,grass,75,70,105,90,45,80,90,0.9,18.5,5120,1000000,70,3490
Morelull,0,seven,grass,fairy,190,40,35,55,15,65,75,0.2,1.5,5120,1000000,70,1300
Shiinotic,0,seven,grass,fairy,75,60,45,80,30,90,100,1,11.5,5120,1000000,70,3040
Salandit,0,seven,poison,fire,120,48,44,40,77,71,40,0.6,4.8,5120,1000000,70,2218
Salazzle,0,seven,poison,fire,45,68,64,60,117,111,60,1.2,22.2,5120,1000000,70,3703
Stufful,0,seven,normal,fighting,140,70,75,50,50,45,50,0.5,6.8,3840,1000000,70,2165
Bewear,0,seven,normal,fighting,70,120,125,80,60,55,60,2.1,135,3840,1000000,70,3725
Bounsweet,0,seven,grass,grass,235,42,30,38,32,30,38,0.3,3.2,5120,1059860,70,479.0000000000002
Steenee,0,seven,grass,grass,120,52,40,48,62,40,48,0.7,8.2,5120,1059860,70,2034.0000000000002
Tsareena,0,seven,grass,grass,45,72,120,98,72,50,98,1.2,21.4,5120,1059860,70,3849
Comfey,0,seven,fairy,fairy,60,51,52,90,100,82,110,0.1,0.3,5120,800000,70,3351
Oranguru,0,seven,normal,psychic,45,90,60,80,60,90,110,1.5,76,5120,1250000,70,3705
Passimian,0,seven,fighting,fighting,45,100,120,90,80,40,60,2,82.8,5120,1250000,70,3845
Wimpod,0,seven,bug,water,90,25,35,40,80,20,30,0.5,12,5120,1000000,70,2050
Golisopod,0,seven,bug,water,45,75,125,140,40,60,90,2,108,5120,1000000,70,4005
Sandygast,0,seven,ghost,ground,140,55,55,80,15,70,45,0.5,70,3840,1000000,70,2110
Palossand,0,seven,ghost,ground,60,85,75,110,35,100,75,1.3,250,3840,1000000,70,3650
Pyukumuku,0,seven,water,water,60,55,60,130,5,30,130,0.3,1.2,3840,800000,70,3085
Type: Null,0,seven,normal,normal,3,95,95,95,59,95,95,1.9,120.5,30720,1250000,0,4480
Silvally,0,seven,normal,normal,3,95,95,95,95,95,95,2.3,100.5,30720,1250000,0,4552
Minior,0,seven,rock,flying,0,60,100,60,120,100,60,0.3,40,6400,1059860,70,4350
Komala,0,seven,normal,normal,45,65,115,65,65,75,95,0.4,19.9,5120,1250000,70,3810
Turtonator,0,seven,fire,dragon,70,60,78,135,36,91,85,2,212,5120,1000000,70,3479
Togedemaru,0,seven,electric,steel,180,65,98,63,96,40,73,0.3,3.3,2560,1000000,70,2008.0000000000002
Mimikyu,0,seven,ghost,fairy,45,55,90,80,96,50,105,0.2,0.7,5120,1000000,70,3562
Bruxish,0,seven,water,psychic,80,68,105,70,92,70,70,0.9,19,3840,1000000,70,3359
Drampa,0,seven,normal,dragon,70,78,60,85,36,135,91,3,185,5120,1000000,70,3569
Dhelmise,0,seven,ghost,grass,25,70,131,100,40,86,90,3.9,210,6400,1000000,70,4278
Jangmo-o,0,seven,dragon,dragon,45,45,55,65,45,45,45,0.6,29.7,10240,1250000,70,2970
Hakamo-o,0,seven,dragon,fighting,45,55,75,90,65,65,70,1.2,47,10240,1250000,70,3445
Kommo-o,0,seven,dragon,fighting,45,75,110,125,85,100,105,1.6,78.2,10240,1250000,70,4215
Tapu Koko,1,seven,electric,fairy,3,70,115,85,130,95,75,1.8,20.5,3840,1250000,70,5036.2677069440615
Tapu Lele,1,seven,psychic,fairy,3,70,85,75,95,130,115,1.2,18.6,3840,1250000,70,5016.2677069440615
Tapu Bulu,1,seven,grass,fairy,3,70,130,115,75,85,95,1.9,45.5,3840,1250000,70,5101.2677069440615
Tapu Fini,1,seven,water,fairy,3,70,75,115,85,95,130,1.3,21.2,3840,1250000,70,4866.2677069440615
Cosmog,1,seven,psychic,psychic,45,43,29,31,37,29,31,0.2,0.1,30720,1250000,0,3005.267706944061
Cosmoem,1,seven,psychic,psychic,45,43,29,131,37,29,131,0.1,999.9,30720,1250000,0,3505.2677069440615
Solgaleo,1,seven,psychic,steel,45,137,137,107,97,113,89,3.4,230,30720,1250000,0,5199.2677069440615
Lunala,1,seven,psychic,ghost,45,137,113,89,97,137,107,4,120,30720,1250000,0,5157.2677069440615
Nihilego,1,seven,rock,poison,45,109,53,47,103,127,131,1.2,55.5,30720,1250000,0,4471.2677069440615
Buzzwole,1,seven,bug,fighting,25,107,139,139,79,53,53,2.4,333.6,30720,1250000,0,4911.2677069440615
Pheromosa,1,seven,bug,fighting,255,71,137,37,151,137,37,1.8,25,30720,1250000,0,2497.267706944061
Xurkitree,1,seven,electric,electric,30,83,89,71,83,173,71,3.8,100,30720,1250000,0,4946.2677069440615
Celesteela,1,seven,steel,flying,25,97,101,103,61,107,101,9.2,999.9,30720,1250000,0,4871.2677069440615
Kartana,1,seven,grass,steel,255,59,181,131,109,59,31,0.3,0.1,30720,1250000,0,2463.267706944061
Guzzlord,1,seven,dark,dragon,15,223,101,53,43,97,53,5.5,888,30720,1250000,0,5269.2677069440615
Necrozma,1,seven,psychic,psychic,3,97,107,101,79,127,89,2.4,230,30720,1250000,0,5281.2677069440615
Magearna,1,seven,steel,fairy,3,80,95,115,65,130,115,1,80.5,30720,1250000,0,5196.2677069440615
